<?xml version="1.0" encoding="UTF-8"?>
<IncluirRVS xmlns:xsi="http://www.w3.org/2001/XMLSchema-instance" xsi:noNamespaceSchemaLocation="incluir_registro.xsd">
	<NumeroRVSEmpresa>0000050023</NumeroRVSEmpresa>
	<NomeAdquirente>INGENIO SAN MIGUEL DEL NARANJO S.A DE C.</NomeAdquirente>
	<EnderecoAdquirente>DOMCONOCIDO ELNARANJO, , EL NARANJO, MEXICO   SAN L POTOSI</EnderecoAdquirente>
	<CodigoPaisAdquirente>493</CodigoPaisAdquirente>
	<IdentificadorFiscal>
		<MotivoNaoPreenchimentoNif>2</MotivoNaoPreenchimentoNif>
	</IdentificadorFiscal>
	<TipoVinculacao>0</TipoVinculacao>
	<Operacao>
		<NumeroOperacaoEmpresa>0000050023</NumeroOperacaoEmpresa>
		<CodigoNbs>120015910</CodigoNbs>
		<CodigoPaisDestino>493</CodigoPaisDestino>
		<ModoPrestacao>4</ModoPrestacao>
		<DataInicio>2016-01-15</DataInicio>
		<DataConclusao>2016-01-15</DataConclusao>
		<Valor>23497.09</Valor>
	</Operacao>
	<InfoComplementar></InfoComplementar>
	<CodigoMoeda>220</CodigoMoeda>
</IncluirRVS>
