<?xml version="1.0" encoding="UTF-8"?>
<InclusaoFatura xmlns:xsi="http://www.w3.org/2001/XMLSchema-instance" xsi:noNamespaceSchemaLocation="incluir_faturamento.xsd">
	<NumeroRVSEmpresa>0000050028</NumeroRVSEmpresa>
	<IdFaturaEmpresa>0000000030</IdFaturaEmpresa>
	<NumeroFatura>3501</NumeroFatura>
	<DataFatura>2016-01-21</DataFatura>
	<ItemFatura>
		<IdItemFaturaEmpresa>0000000029</IdItemFaturaEmpresa>
		<NumeroOperacaoEmpresa>0000050028</NumeroOperacaoEmpresa>
		<ValorFaturado>17419.75</ValorFaturado>
		<ValorMantidoExterior>0.00</ValorMantidoExterior>
	</ItemFatura>
</InclusaoFatura>
