<?xml version="1.0" encoding="UTF-8"?>
<InclusaoFatura xmlns:xsi="http://www.w3.org/2001/XMLSchema-instance" xsi:noNamespaceSchemaLocation="incluir_faturamento.xsd">
	<NumeroRVSEmpresa>0000050024</NumeroRVSEmpresa>
	<IdFaturaEmpresa>0000000026</IdFaturaEmpresa>
	<NumeroFatura>3492</NumeroFatura>
	<DataFatura>2016-01-15</DataFatura>
	<ItemFatura>
		<IdItemFaturaEmpresa>0000000025</IdItemFaturaEmpresa>
		<NumeroOperacaoEmpresa>0000050024</NumeroOperacaoEmpresa>
		<ValorFaturado>16026.25</ValorFaturado>
		<ValorMantidoExterior>0.00</ValorMantidoExterior>
	</ItemFatura>
</InclusaoFatura>
