<?xml version="1.0" encoding="UTF-8"?>
<InclusaoFatura xmlns:xsi="http://www.w3.org/2001/XMLSchema-instance" xsi:noNamespaceSchemaLocation="incluir_faturamento.xsd">
	<NumeroRVSEmpresa>0000050037</NumeroRVSEmpresa>
	<IdFaturaEmpresa>0000000038</IdFaturaEmpresa>
	<NumeroFatura>4248</NumeroFatura>
	<DataFatura>2016-12-19</DataFatura>
	<ItemFatura>
		<IdItemFaturaEmpresa>0000000037</IdItemFaturaEmpresa>
		<NumeroOperacaoEmpresa>0000050054</NumeroOperacaoEmpresa>
		<ValorFaturado>18003.49</ValorFaturado>
		<ValorMantidoExterior>0.00</ValorMantidoExterior>
	</ItemFatura>
</InclusaoFatura>
