<?xml version="1.0" encoding="UTF-8"?>
<InclusaoFatura xmlns:xsi="http://www.w3.org/2001/XMLSchema-instance" xsi:noNamespaceSchemaLocation="incluir_faturamento.xsd">
	<NumeroRVSEmpresa>0000050039</NumeroRVSEmpresa>
	<IdFaturaEmpresa>0000000036</IdFaturaEmpresa>
	<NumeroFatura>4250</NumeroFatura>
	<DataFatura>2016-12-19</DataFatura>
	<ItemFatura>
		<IdItemFaturaEmpresa>0000000035</IdItemFaturaEmpresa>
		<NumeroOperacaoEmpresa>0000050056</NumeroOperacaoEmpresa>
		<ValorFaturado>70414.53</ValorFaturado>
		<ValorMantidoExterior>0.00</ValorMantidoExterior>
	</ItemFatura>
</InclusaoFatura>
