<?xml version="1.0" encoding="UTF-8"?>
<InclusaoFatura xmlns:xsi="http://www.w3.org/2001/XMLSchema-instance" xsi:noNamespaceSchemaLocation="incluir_faturamento.xsd">
	<NumeroRVSEmpresa>0000050034</NumeroRVSEmpresa>
	<IdFaturaEmpresa>0000000041</IdFaturaEmpresa>
	<NumeroFatura>4245</NumeroFatura>
	<DataFatura>2016-12-19</DataFatura>
	<ItemFatura>
		<IdItemFaturaEmpresa>0000000040</IdItemFaturaEmpresa>
		<NumeroOperacaoEmpresa>0000050051</NumeroOperacaoEmpresa>
		<ValorFaturado>10200.00</ValorFaturado>
		<ValorMantidoExterior>0.00</ValorMantidoExterior>
	</ItemFatura>
</InclusaoFatura>
