<?xml version="1.0" encoding="UTF-8"?>
<InclusaoFatura xmlns:xsi="http://www.w3.org/2001/XMLSchema-instance" xsi:noNamespaceSchemaLocation="incluir_faturamento.xsd">
	<NumeroRVSEmpresa>0000050033</NumeroRVSEmpresa>
	<IdFaturaEmpresa>0000000042</IdFaturaEmpresa>
	<NumeroFatura>4244</NumeroFatura>
	<DataFatura>2016-12-19</DataFatura>
	<ItemFatura>
		<IdItemFaturaEmpresa>0000000041</IdItemFaturaEmpresa>
		<NumeroOperacaoEmpresa>0000050050</NumeroOperacaoEmpresa>
		<ValorFaturado>13307.29</ValorFaturado>
		<ValorMantidoExterior>0.00</ValorMantidoExterior>
	</ItemFatura>
</InclusaoFatura>
