<?xml version="1.0" encoding="UTF-8"?>
<IncluirRVS xmlns:xsi="http://www.w3.org/2001/XMLSchema-instance" xsi:noNamespaceSchemaLocation="incluir_registro.xsd">
	<NumeroRVSEmpresa>0000050020</NumeroRVSEmpresa>
	<NomeAdquirente>ALCOHOLERA PARAGUAYA S/A - ALPASA</NomeAdquirente>
	<EnderecoAdquirente>AVDAS MCAL LOPEZ Y MADAME LYNCH , ASSUNCION, PARAGUAI   PLANTA ALTA</EnderecoAdquirente>
	<CodigoPaisAdquirente>586</CodigoPaisAdquirente>
	<IdentificadorFiscal>
		<MotivoNaoPreenchimentoNif>2</MotivoNaoPreenchimentoNif>
	</IdentificadorFiscal>
	<TipoVinculacao>0</TipoVinculacao>
	<Operacao>
		<NumeroOperacaoEmpresa>0000050020</NumeroOperacaoEmpresa>
		<CodigoNbs>120015910</CodigoNbs>
		<CodigoPaisDestino>586</CodigoPaisDestino>
		<ModoPrestacao>4</ModoPrestacao>
		<DataInicio>2016-02-23</DataInicio>
		<DataConclusao>2016-02-23</DataConclusao>
		<Valor>7000.00</Valor>
	</Operacao>
	<InfoComplementar></InfoComplementar>
	<CodigoMoeda>220</CodigoMoeda>
</IncluirRVS>
