<?xml version="1.0" encoding="UTF-8"?>
<IncluirRVS xmlns:xsi="http://www.w3.org/2001/XMLSchema-instance" xsi:noNamespaceSchemaLocation="incluir_registro.xsd">
	<NumeroRVSEmpresa>0000050028</NumeroRVSEmpresa>
	<NomeAdquirente>CYBERSTEEL CORPORATION</NomeAdquirente>
	<EnderecoAdquirente>AVE SAMUEL LEWIS Y CALLE, PANAMA, PANAMA 53 ED OMEGA </EnderecoAdquirente>
	<CodigoPaisAdquirente>580</CodigoPaisAdquirente>
	<IdentificadorFiscal>
		<Nif># 99-0361171</Nif>
	</IdentificadorFiscal>
	<TipoVinculacao>0</TipoVinculacao>
	<Operacao>
		<NumeroOperacaoEmpresa>0000050028</NumeroOperacaoEmpresa>
		<CodigoNbs>120015910</CodigoNbs>
		<CodigoPaisDestino>580</CodigoPaisDestino>
		<ModoPrestacao>4</ModoPrestacao>
		<DataInicio>2016-01-21</DataInicio>
		<DataConclusao>2016-01-21</DataConclusao>
		<Valor>17419.75</Valor>
	</Operacao>
	<InfoComplementar></InfoComplementar>
	<CodigoMoeda>220</CodigoMoeda>
</IncluirRVS>
