<?xml version="1.0" encoding="UTF-8"?>
<IncluirRAS xmlns:xsi="http://www.w3.org/2001/XMLSchema-instance" xsi:noNamespaceSchemaLocation="incluir_RAS.xsd">
  <NumeroRASEmpresa></NumeroRASEmpresa>
  <NomeVendedor></NomeVendedor>
  <EnderecoVendedor></EnderecoVendedor>
  <CodigoPaisVendedor></CodigoPaisVendedor>
  <IdentificadorFiscal>
    <Nif></Nif>
    ou
    <MotivoNaoPreenchimentoNif></MotivoNaoPreenchimentoNif>
  </IdentificadorFiscal>
  <TipoVinculacao></TipoVinculacao>
  <Operacao>
    <NumeroOperacaoEmpresa></NumeroOperacaoEmpresa>
    <CodigoNbs></CodigoNbs>
    <CodigoPaisDestino></CodigoPaisDestino>
    <ModoPrestacao></ModoPrestacao>
    <DataInicio>2001-01-01</DataInicio>
    <DataConclusao>2001-01-01</DataConclusao>
    <Valor>0.0</Valor>
    <CnpjGastoPessoal></CnpjGastoPessoal>
    <Enquadramento>
      <CodigoEnquadramento></CodigoEnquadramento>
      <NumeroRc></NumeroRc>
    </Enquadramento>
    <VinculacaoNumRE></VinculacaoNumRE>
    <VinculacaoNumDI></VinculacaoNumDI>
  </Operacao>
  <InfoComplementar></InfoComplementar>
  <CodigoMoeda></CodigoMoeda>
</IncluirRAS>
