<?xml version="1.0" encoding="UTF-8"?>
<InclusaoPagamento xmlns:xsi="http://www.w3.org/2001/XMLSchema-instance" xsi:noNamespaceSchemaLocation="inclusao_pagamento.xsd">
  <NumeroRASEmpresa></NumeroRASEmpresa>
  <IdPagamentoEmpresa></IdPagamentoEmpresa>
  <NumeroPagamento></NumeroPagamento>
  <DataPagamento>2001-01-01</DataPagamento>
  <ItemPagamento>
    <IdItemPagamentoEmpresa></IdItemPagamentoEmpresa>
    <NumeroOperacaoEmpresa></NumeroOperacaoEmpresa>
    <ValorPago>0.0</ValorPago>
    <ValorPagoRecMantidoExt>0.0</ValorPagoRecMantidoExt>
  </ItemPagamento>
</InclusaoPagamento>
