<?xml version="1.0" encoding="UTF-8"?>
<RetificarAditivo xmlns:xsi="http://www.w3.org/2001/XMLSchema-instance" xsi:noNamespaceSchemaLocation="retificar_aditivo.xsd">
  <NumeroRASEmpresa></NumeroRASEmpresa>
  <Operacao>
    <NumeroOperacaoEmpresa></NumeroOperacaoEmpresa>
    <CodigoNbs></CodigoNbs>
    <CodigoPaisDestino></CodigoPaisDestino>
    <ModoPrestacao></ModoPrestacao>
    <DataInicio>2001-01-01</DataInicio>
    <DataConclusao>2001-01-01</DataConclusao>
    <Valor>0.0</Valor>
    <CnpjGastoPessoal></CnpjGastoPessoal>
    <ExcluirGastoPessoal>true/false</ExcluirGastoPessoal>
    <Enquadramento>
      <CodigoEnquadramento></CodigoEnquadramento>
      <NumeroRc></NumeroRc>
      <exclusao>true/false</exclusao>
    </Enquadramento>
    <VinculacaoNumRE>
      <NumeroRE>NumeroRE</NumeroRE>
      <exclusao>true/false</exclusao>
    </VinculacaoNumRE>
    <VinculacaoNumDI>
      <NumeroDI>NumeroDI</NumeroDI>
      <exclusao>true/false</exclusao>
    </VinculacaoNumDI>
  </Operacao>
</RetificarAditivo>
