<?xml version="1.0" encoding="UTF-8"?>
<RetornoLote xmlns:xsi="http://www.w3.org/2001/XMLSchema-instance" xsi:noNamespaceSchemaLocation="retorno_lote.xsd">
  <ItemLote>
    <NumeroRASEmpresa></NumeroRASEmpresa>
    <NumeroRAS></NumeroRAS>
    <IdPagamentoEmpresa></IdPagamentoEmpresa>
    <IdPagamento></IdPagamento>
    <NomeArquivoXML></NomeArquivoXML>
    <DataGeracaoProtocolo>2001-12-31T12:00:00</DataGeracaoProtocolo>
    <RetornoOperacao>
      <NumeroOperacaoEmpresa></NumeroOperacaoEmpresa>
    </RetornoOperacao>
    <RetornoItemPagamento>
      <IdItemPagamentoEmpresa></IdItemPagamentoEmpresa>
      <NumeroOperacaoEmpresa></NumeroOperacaoEmpresa>
    </RetornoItemPagamento>
    <Status></Status>
    <ErroLote>
      <CodigoErro></CodigoErro>
      <DescricaoErro></DescricaoErro>
      <DetalhamentoErro>
        <ItemErro></ItemErro>
      </DetalhamentoErro>
    </ErroLote>
  </ItemLote>
</RetornoLote>
