<?xml version="1.0" encoding="UTF-8"?>
<InclusaoFatura xmlns:xsi="http://www.w3.org/2001/XMLSchema-instance" xsi:noNamespaceSchemaLocation="incluir_faturamento.xsd">
	<NumeroRVSEmpresa>0000050035</NumeroRVSEmpresa>
	<IdFaturaEmpresa>0000000040</IdFaturaEmpresa>
	<NumeroFatura>4246</NumeroFatura>
	<DataFatura>2016-12-19</DataFatura>
	<ItemFatura>
		<IdItemFaturaEmpresa>0000000039</IdItemFaturaEmpresa>
		<NumeroOperacaoEmpresa>0000050052</NumeroOperacaoEmpresa>
		<ValorFaturado>17923.95</ValorFaturado>
		<ValorMantidoExterior>0.00</ValorMantidoExterior>
	</ItemFatura>
</InclusaoFatura>
