<?xml version="1.0" encoding="UTF-8"?>
<InclusaoFatura xmlns:xsi="http://www.w3.org/2001/XMLSchema-instance" xsi:noNamespaceSchemaLocation="incluir_faturamento.xsd">
	<NumeroRVSEmpresa>0000050023</NumeroRVSEmpresa>
	<IdFaturaEmpresa>0000000025</IdFaturaEmpresa>
	<NumeroFatura>3491</NumeroFatura>
	<DataFatura>2016-01-15</DataFatura>
	<ItemFatura>
		<IdItemFaturaEmpresa>0000000024</IdItemFaturaEmpresa>
		<NumeroOperacaoEmpresa>0000050023</NumeroOperacaoEmpresa>
		<ValorFaturado>23497.09</ValorFaturado>
		<ValorMantidoExterior>0.00</ValorMantidoExterior>
	</ItemFatura>
</InclusaoFatura>
