<?xml version="1.0" encoding="UTF-8"?>
<InclusaoFatura xmlns:xsi="http://www.w3.org/2001/XMLSchema-instance" xsi:noNamespaceSchemaLocation="incluir_faturamento.xsd">
	<NumeroRVSEmpresa>0000050045</NumeroRVSEmpresa>
	<IdFaturaEmpresa>0000000047</IdFaturaEmpresa>
	<NumeroFatura>4253</NumeroFatura>
	<DataFatura>2016-12-21</DataFatura>
	<ItemFatura>
		<IdItemFaturaEmpresa>0000000046</IdItemFaturaEmpresa>
		<NumeroOperacaoEmpresa>0000050062</NumeroOperacaoEmpresa>
		<ValorFaturado>7240.00</ValorFaturado>
		<ValorMantidoExterior>0.00</ValorMantidoExterior>
	</ItemFatura>
</InclusaoFatura>
