<?xml version="1.0" encoding="UTF-8"?>
<InclusaoFatura xmlns:xsi="http://www.w3.org/2001/XMLSchema-instance" xsi:noNamespaceSchemaLocation="incluir_faturamento.xsd">
	<NumeroRVSEmpresa>0000050042</NumeroRVSEmpresa>
	<IdFaturaEmpresa>0000000033</IdFaturaEmpresa>
	<NumeroFatura>4255</NumeroFatura>
	<DataFatura>2016-12-21</DataFatura>
	<ItemFatura>
		<IdItemFaturaEmpresa>0000000032</IdItemFaturaEmpresa>
		<NumeroOperacaoEmpresa>0000050059</NumeroOperacaoEmpresa>
		<ValorFaturado>1080.00</ValorFaturado>
		<ValorMantidoExterior>0.00</ValorMantidoExterior>
	</ItemFatura>
</InclusaoFatura>
