<?xml version="1.0" encoding="UTF-8"?>
<InclusaoFatura xmlns:xsi="http://www.w3.org/2001/XMLSchema-instance" xsi:noNamespaceSchemaLocation="incluir_faturamento.xsd">
	<NumeroRVSEmpresa>0000050020</NumeroRVSEmpresa>
	<IdFaturaEmpresa>0000000022</IdFaturaEmpresa>
	<NumeroFatura>3553</NumeroFatura>
	<DataFatura>2016-02-23</DataFatura>
	<ItemFatura>
		<IdItemFaturaEmpresa>0000000021</IdItemFaturaEmpresa>
		<NumeroOperacaoEmpresa>0000050020</NumeroOperacaoEmpresa>
		<ValorFaturado>7000.00</ValorFaturado>
		<ValorMantidoExterior>0.00</ValorMantidoExterior>
	</ItemFatura>
</InclusaoFatura>
