<?xml version="1.0" encoding="UTF-8"?>
<InclusaoFatura xmlns:xsi="http://www.w3.org/2001/XMLSchema-instance" xsi:noNamespaceSchemaLocation="incluir_faturamento.xsd">
	<NumeroRVSEmpresa>0000050030</NumeroRVSEmpresa>
	<IdFaturaEmpresa>0000000045</IdFaturaEmpresa>
	<NumeroFatura>4241</NumeroFatura>
	<DataFatura>2016-12-19</DataFatura>
	<ItemFatura>
		<IdItemFaturaEmpresa>0000000044</IdItemFaturaEmpresa>
		<NumeroOperacaoEmpresa>0000050047</NumeroOperacaoEmpresa>
		<ValorFaturado>22740.35</ValorFaturado>
		<ValorMantidoExterior>0.00</ValorMantidoExterior>
	</ItemFatura>
</InclusaoFatura>
