<?xml version="1.0" encoding="UTF-8"?>
<IncluirRVS xmlns:xsi="http://www.w3.org/2001/XMLSchema-instance" xsi:noNamespaceSchemaLocation="incluir_registro.xsd">
  <NumeroRVSEmpresa></NumeroRVSEmpresa>
  <NomeAdquirente></NomeAdquirente>
  <EnderecoAdquirente></EnderecoAdquirente>
  <CodigoPaisAdquirente></CodigoPaisAdquirente>
  <IdentificadorFiscal>
    <Nif></Nif>
    ou
    <MotivoNaoPreenchimentoNif></MotivoNaoPreenchimentoNif>
  </IdentificadorFiscal>
  <TipoVinculacao></TipoVinculacao>
  <Operacao>
    <NumeroOperacaoEmpresa></NumeroOperacaoEmpresa>
    <CodigoNbs></CodigoNbs>
    <CodigoPaisDestino></CodigoPaisDestino>
    <ModoPrestacao></ModoPrestacao>
    <DataInicio>2001-01-01</DataInicio>
    <DataConclusao>2001-01-01</DataConclusao>
    <Valor>0.0</Valor>
    <Enquadramento>
      <CodigoEnquadramento></CodigoEnquadramento>
      <NumeroRc></NumeroRc>
    </Enquadramento>
    <VinculacaoNumRE></VinculacaoNumRE>
    <VinculacaoNumDI></VinculacaoNumDI>
  </Operacao>
  <InfoComplementar></InfoComplementar>
  <CodigoMoeda></CodigoMoeda>
</IncluirRVS>
