<?xml version="1.0" encoding="UTF-8"?>
<RetificarRVS xmlns:xsi="http://www.w3.org/2001/XMLSchema-instance" xsi:noNamespaceSchemaLocation="retificar_registro.xsd">
  <NumeroRVSEmpresa></NumeroRVSEmpresa>
  <NomeAdquirente></NomeAdquirente>
  <EnderecoAdquirente></EnderecoAdquirente>
  <CodigoPaisAdquirente></CodigoPaisAdquirente>
  <IdentificadorFiscal>
    <Nif></Nif>
    ou
    <MotivoNaoPreenchimentoNif></MotivoNaoPreenchimentoNif>
  </IdentificadorFiscal>
  <TipoVinculacao></TipoVinculacao>
  <Operacao>
    <NumeroOperacaoEmpresa></NumeroOperacaoEmpresa>
    <CodigoNbs></CodigoNbs>
    <CodigoPaisDestino></CodigoPaisDestino>
    <ModoPrestacao></ModoPrestacao>
    <DataInicio>2001-01-01</DataInicio>
    <DataConclusao>2001-01-01</DataConclusao>
    <Valor>0.0</Valor>
    <Enquadramento>
      <CodigoEnquadramento></CodigoEnquadramento>
      <NumeroRc></NumeroRc>
      <exclusao>true/false</exclusao>
    </Enquadramento>
    <VinculacaoNumRE>
      <NumeroRE></NumeroRE>
      <exclusao>true/false</exclusao>
    </VinculacaoNumRE>
    <VinculacaoNumDI>
      <NumeroDI></NumeroDI>
      <exclusao>true/false</exclusao>
    </VinculacaoNumDI>
  </Operacao>
  <InfoComplementar></InfoComplementar>
  <CodigoMoeda></CodigoMoeda>
</RetificarRVS>
