<?xml version="1.0" encoding="UTF-8"?>
<RetificarFatura xmlns:xsi="http://www.w3.org/2001/XMLSchema-instance" xsi:noNamespaceSchemaLocation="retificar_faturamento.xsd">
  <NumeroRVSEmpresa></NumeroRVSEmpresa>
  <IdFaturaEmpresa></IdFaturaEmpresa>
  <NumeroFatura></NumeroFatura>
  <DataFatura>2001-01-01</DataFatura>
  <ItemFatura>
    <IdItemFaturaEmpresa></IdItemFaturaEmpresa>
    <NumeroOperacaoEmpresa></NumeroOperacaoEmpresa>
    <ValorFaturado>0.0</ValorFaturado>
    <ValorMantidoExterior>0.0</ValorMantidoExterior>
  </ItemFatura>
</RetificarFatura>
