<?xml version="1.0" encoding="UTF-8"?>
<RetornoLote xmlns:xsi="http://www.w3.org/2001/XMLSchema-instance" xsi:noNamespaceSchemaLocation="retorno_lote.xsd">
  <ItemLote>
    <NumeroRVSEmpresa></NumeroRVSEmpresa>
    <NumeroRVS></NumeroRVS>
    <IdFaturaEmpresa></IdFaturaEmpresa>
    <NumeroRF></NumeroRF>
    <NomeArquivoXML></NomeArquivoXML>
    <DataGeracaoProtocolo>2001-12-31T12:00:00</DataGeracaoProtocolo>
    <RetornoOperacao>
      <NumeroOperacaoEmpresa></NumeroOperacaoEmpresa>
    </RetornoOperacao>
    <RetornoItemFatura>
      <IdItemFaturaEmpresa></IdItemFaturaEmpresa>
      <NumeroOperacaoEmpresa></NumeroOperacaoEmpresa>
    </RetornoItemFatura>
    <Status></Status>
    <ErroLote>
      <CodigoErro></CodigoErro>
      <DescricaoErro></DescricaoErro>
      <DetalhamentoErro>
        <ItemErro></ItemErro>
      </DetalhamentoErro>
    </ErroLote>
  </ItemLote>
</RetornoLote>
