<?xml version="1.0" encoding="UTF-8"?>
<InclusaoFatura xmlns:xsi="http://www.w3.org/2001/XMLSchema-instance" xsi:noNamespaceSchemaLocation="incluir_faturamento.xsd">
	<NumeroRVSEmpresa>0000050043</NumeroRVSEmpresa>
	<IdFaturaEmpresa>0000000032</IdFaturaEmpresa>
	<NumeroFatura>4256</NumeroFatura>
	<DataFatura>2016-12-21</DataFatura>
	<ItemFatura>
		<IdItemFaturaEmpresa>0000000031</IdItemFaturaEmpresa>
		<NumeroOperacaoEmpresa>0000050060</NumeroOperacaoEmpresa>
		<ValorFaturado>14376.72</ValorFaturado>
		<ValorMantidoExterior>0.00</ValorMantidoExterior>
	</ItemFatura>
</InclusaoFatura>
