<?xml version="1.0" encoding="UTF-8"?>
<InclusaoFatura xmlns:xsi="http://www.w3.org/2001/XMLSchema-instance" xsi:noNamespaceSchemaLocation="incluir_faturamento.xsd">
	<NumeroRVSEmpresa>0000050046</NumeroRVSEmpresa>
	<IdFaturaEmpresa>0000000048</IdFaturaEmpresa>
	<NumeroFatura>4257</NumeroFatura>
	<DataFatura>2016-12-21</DataFatura>
	<ItemFatura>
		<IdItemFaturaEmpresa>0000000047</IdItemFaturaEmpresa>
		<NumeroOperacaoEmpresa>0000050063</NumeroOperacaoEmpresa>
		<ValorFaturado>5625.00</ValorFaturado>
		<ValorMantidoExterior>0.00</ValorMantidoExterior>
	</ItemFatura>
</InclusaoFatura>
