<?xml version="1.0" encoding="UTF-8"?>
<InclusaoFatura xmlns:xsi="http://www.w3.org/2001/XMLSchema-instance" xsi:noNamespaceSchemaLocation="incluir_faturamento.xsd">
	<NumeroRVSEmpresa>0000050029</NumeroRVSEmpresa>
	<IdFaturaEmpresa>0000000031</IdFaturaEmpresa>
	<NumeroFatura>3957</NumeroFatura>
	<DataFatura>2016-07-04</DataFatura>
	<ItemFatura>
		<IdItemFaturaEmpresa>0000000030</IdItemFaturaEmpresa>
		<NumeroOperacaoEmpresa>0000050029</NumeroOperacaoEmpresa>
		<ValorFaturado>7610.59</ValorFaturado>
		<ValorMantidoExterior>0.00</ValorMantidoExterior>
	</ItemFatura>
</InclusaoFatura>
