<?xml version="1.0" encoding="UTF-8"?>
<InclusaoFatura xmlns:xsi="http://www.w3.org/2001/XMLSchema-instance" xsi:noNamespaceSchemaLocation="incluir_faturamento.xsd">
	<NumeroRVSEmpresa>0000050032</NumeroRVSEmpresa>
	<IdFaturaEmpresa>0000000043</IdFaturaEmpresa>
	<NumeroFatura>4243</NumeroFatura>
	<DataFatura>2016-12-19</DataFatura>
	<ItemFatura>
		<IdItemFaturaEmpresa>0000000042</IdItemFaturaEmpresa>
		<NumeroOperacaoEmpresa>0000050049</NumeroOperacaoEmpresa>
		<ValorFaturado>6844.83</ValorFaturado>
		<ValorMantidoExterior>0.00</ValorMantidoExterior>
	</ItemFatura>
</InclusaoFatura>
