<?xml version="1.0" encoding="UTF-8"?>
<InclusaoFatura xmlns:xsi="http://www.w3.org/2001/XMLSchema-instance" xsi:noNamespaceSchemaLocation="incluir_faturamento.xsd">
	<NumeroRVSEmpresa>0000050022</NumeroRVSEmpresa>
	<IdFaturaEmpresa>0000000024</IdFaturaEmpresa>
	<NumeroFatura>3555</NumeroFatura>
	<DataFatura>2016-02-23</DataFatura>
	<ItemFatura>
		<IdItemFaturaEmpresa>0000000023</IdItemFaturaEmpresa>
		<NumeroOperacaoEmpresa>0000050022</NumeroOperacaoEmpresa>
		<ValorFaturado>3255.26</ValorFaturado>
		<ValorMantidoExterior>0.00</ValorMantidoExterior>
	</ItemFatura>
</InclusaoFatura>
