<?xml version="1.0" encoding="UTF-8"?>
<InclusaoFatura xmlns:xsi="http://www.w3.org/2001/XMLSchema-instance" xsi:noNamespaceSchemaLocation="incluir_faturamento.xsd">
	<NumeroRVSEmpresa>0000050044</NumeroRVSEmpresa>
	<IdFaturaEmpresa>0000000046</IdFaturaEmpresa>
	<NumeroFatura>4252</NumeroFatura>
	<DataFatura>2016-12-21</DataFatura>
	<ItemFatura>
		<IdItemFaturaEmpresa>0000000045</IdItemFaturaEmpresa>
		<NumeroOperacaoEmpresa>0000050061</NumeroOperacaoEmpresa>
		<ValorFaturado>5200.00</ValorFaturado>
		<ValorMantidoExterior>0.00</ValorMantidoExterior>
	</ItemFatura>
</InclusaoFatura>
